Company Name: , Category: , Company Email: , Company Website: , PayBy: , Past Due: , Budget Percent: , Date: , Notes:
Honda , Car , sales@honda.com , www.honda.com , Mail , Yes , 46 , 02/21/2012 , Red 2 Door With Sunroof
Chevy , Car , sales@chevy.com , www.chevy.com , Internet , No , 52 , 01/01/2012 , Green 4 Door With Sirius Radio
Nissan , Car , sales@nissan.com , www.nissanusa.com , Internet , Yes , 36 , 03/13/2012 , Blue 2 Door With Green Trim
Toyota , Car , sales@toyota.com , www.toyota.com , Mail , No , 25 , 08/28/2012 , White 4 Door With Sliding Doors
Ford , Car , sales@ford.com , www.ford.com , Internet , Yes , 15 , 07/17/2012 , Tan 2 Door With Turbo
ATT , Cell , att@att.com , www.att.com , Mail , No , 13 , 06/11/2012 , Felix's Iphone With Data Plan
T-Mobile , Cell , tmobile@sales.com , www.tmobile.com , Internet , No , 31 , 05/26/2012 , Randy's SideKick
Cricket , Cell , cricket@sales.com , www.cricket.com , Mail , Yes , 82 , 01/15/2012 , Sandra's Flip Phone
Verizon , Cell , sales@verizon.com , www.verizon.com , Internet , Yes , 16 ,  Yes , 02/10/2012 , Flex's Driod Razor With Text Plan
Sprint , Cell , sales@sprint.com , www.sprint.com , Internet , No , 45 , 09/15/2012 , George's Slider Phone With Data Plan
Home2Home , Rent , home2home@sales.com , www.home2home.com , Mail , No , 30 , 03/14/2012 , Grandmaw's Beach Cabin
Home4You , Rent , home4you@sales.com , www.home4you.com , Internet , Yes , 15 , 11/12/2012 , John's Lake House
Home4Rent , Rent , home4rent@homes.com , www.home4rent.com , Mail , Yes , 65 , 07/19/2012 , Larry's Town Home On The Square
Home2Buy , Rent , home2rent@rent.com , www.home2rent.com , Mail , No , 39 , 04/18/2012 , Nimo's Condo DownTown
HomeNewHome , Rent , homenew@home.com , www.homenewhome.com , Internet , No , 10 , 12/25/2012 , Barkley's Condo On The Square
TimeWarner , Cable , timewarner@warner.com , www.timewarner.com , Mail , Yes , 30 , 02/09/2012 , Steven's Bedroom
SuddenLink , Cable , sudden@link.com , www.suddenlink.com , Internet , Yes , 13 , 08/19/2012 , Blake's Living Room
CableGuys , Cable , cable@guys.com , www.cableguys.com , Mail , No , 80 , 04/14/2012 , GG's Lake House
RoadRunner , Cable , road@runner.com , www.roadrunner.com , Mail , No , 38 , 03/03/2012 , Angie's Town Home
Cable2You , Cable , cable@2you.com , www.cable2you.com , Internet , No , 42 , 11/04/2012 , Marley's Condo
